id,stateAbbrev,streetAddr1,streetAddr2,city,zip,zipExtended
1,TN,5510 Pierstorff Hill,,Ol Kalou,78989,
2,MI,308 5th Plaza,,Shuiquan,97598,9979
3,LA,63 Bowman Lane,,Luna,92989,9988
4,OR,4701 Weeping Birch Drive,,Kushiro,96956,8958
5,VI,722 Drewry Circle,,Ogawa,99998,9888
6,TX,7672 Schiller Place,,Pangawaren,79398,
7,GU,0 Weeping Birch Hill,,København,98999,8989
8,HI,3 Mendota Circle,#968h,Būrewāla,58999,8979
9,DC,51 Petterle Plaza,,Longxi,98899,9968
10,CA,77374 Sutteridge Terrace,,Luodong,89999,5998
11,VI,66 Paget Parkway,,Sollefteå,38799,
12,SD,663 Debra Circle,,Cusapín,97989,9967
13,VA,63 Bartelt Place,,Xique Xique,68188,9977
14,IL,2 Badeau Junction,,Monino,79798,
15,GA,2 Sundown Court,,Sanhe,97949,9899
16,GA,32 Fallview Plaza,,Põlva,99998,
17,IA,7 Lillian Park,,Qiling,99989,
18,NH,133 Old Gate Pass,#979Z,Sinchao,87698,9599
19,KS,24 Bashford Drive,#699F,Jiquinlaca,99798,
20,OK,99 Hoffman Circle,#999A,Vienne,87899,
21,AR,377 Longview Avenue,,Curridabat,99969,8999
22,WI,228 Lakewood Crossing,,Jessore,98798,
23,CT,02936 Rieder Way,,Lindian,98497,
24,OR,3445 Aberg Parkway,,Rufino,99999,
25,WY,236 Melvin Junction,,Santiago,89999,
26,ID,744 Jay Park,,Pilar,99899,8988
27,AS,8510 Cardinal Terrace,#979o,Al Başrah,99988,9897
28,NM,536 Merchant Park,,Motong,68969,5999
29,GU,432 Jay Terrace,,Wenfang,79996,9986
30,DE,66 Northport Court,#999q,Acarigua,86999,
31,MS,8614 Northport Hill,,Pacar,88688,
32,OR,0006 Debra Drive,,Villefontaine,89988,9999
33,VI,1098 Elgar Drive,,Granica,78999,8989
34,LA,441 Corben Street,,Pinega,99795,
35,CO,3335 Charing Cross Way,,Cikalang,58978,8958
36,OH,448 Waywood Pass,#899C,Tayabo,59889,
37,MA,3636 Moland Place,,Kafr Thulth,94967,6989
38,VA,363 Independence Road,,Oemanu,98999,
39,MA,0 Hoard Park,,Kochani,99998,
40,OK,4302 Marquette Park,,Pereiras,98899,
41,IL,98 Bartelt Avenue,#799M,Taurisma,79996,
42,SD,10251 Buhler Lane,,Ngerengere,69989,
43,IA,2 Del Sol Road,,Chonglou,99899,9995
44,AR,05488 Hermina Street,#869G,Daxi,79798,
45,VI,5707 Ridgeway Trail,#996a,Camocim,79689,8788
46,LA,54751 Fuller Way,,Nanqi,99999,
47,SD,8 Messerschmidt Circle,,Chonglou,79988,9978
48,MI,56 Spenser Parkway,,Lanjaghbyur,89969,7768
49,MI,6764 Corscot Circle,,Shaoha,65948,7679
50,LA,538 Hollow Ridge Drive,,Jongorsari,99999,8889
51,TN,23685 Calypso Road,,Fès,74999,
52,PA,222 Kim Junction,,Senahú,89999,8999
53,TN,5802 Briar Crest Avenue,#997F,Putou,89998,
54,KY,06 Mitchell Point,,Karmai,79999,
55,KY,94521 Goodland Park,,Kenscoff,89969,8999
56,NY,0 Forest Run Alley,,Hongwansi,89998,
57,AL,44 Northridge Park,,Barretos,99989,9998
58,WA,8636 Beilfuss Trail,,Lisovi Sorochyntsi,99379,9888
59,WA,99 East Lane,,Lañgub,78983,
60,AZ,737 Donald Pass,#689s,Limoges,97379,
61,ND,50263 Menomonie Parkway,,Bálsamo Oriental,99998,
62,KY,82 Burrows Alley,,Le Mans,99698,
63,NV,0512 Derek Terrace,,Kuloy,93899,5999
64,IN,7722 Glacier Hill Place,#759R,São Marcos da Serra,99599,9899
65,GA,2 Armistice Junction,#739y,Oborniki Śląskie,99997,9798
66,NE,118 Muir Road,,Kobilje,79987,
67,FL,63 Reinke Junction,,An Lão,89336,9899
68,NH,635 International Lane,,Aguadas,89899,
69,ND,0 Bobwhite Avenue,,Keti Bandar,59999,9849
70,ID,0 Charing Cross Trail,,Castellon De La Plana/Castello De La Pla,69899,9419
71,LA,77 Northview Way,,Mercedes,57887,9999
72,AL,36 Rieder Hill,,Xiaxindian,96989,7993
73,DE,2817 Jana Lane,,Maggotty,57986,7989
74,VT,82962 Garrison Way,,Xiawuqi,88978,
75,MI,102 Pond Street,,Mont-Joli,69599,
76,NM,583 Fair Oaks Hill,,Permas,99888,
77,WI,4253 Stephen Crossing,#958n,General Roca,58798,4999
78,RI,786 Holmberg Terrace,,Lebedinovka,89779,
79,ND,52 Fairview Trail,#988c,Krutaya Gorka,79899,8999
80,VA,81 Rutledge Road,,Fontenay-sous-Bois,97999,9836
81,UT,58891 Upham Street,,Luodian,99897,
82,AL,9159 Oak Lane,,Masipi West,92898,
83,MO,25360 Scoville Road,,San Miguel,99789,
84,CT,09 Stone Corner Terrace,,Pāshmūl,76299,9858
85,ME,751 Elmside Road,,Kattaqo’rg’on,89799,
86,CA,930 Scofield Parkway,,Lelkowo,99999,9999
87,UT,8 Moulton Pass,,Nagrog,99329,7898
88,NH,96519 Meadow Valley Park,,Porto Formoso,68989,8989
89,WV,1947 Northfield Point,,Fufang,99799,
90,NE,3575 Anzinger Junction,,Nuwara Eliya,99899,
91,MI,6641 Lyons Park,,Passal,98769,
92,OR,4705 Utah Way,,Kaniv,87965,9898
93,WV,1 Hollow Ridge Trail,,Tranås,77457,
94,AK,7 Erie Terrace,,Chalu,69699,6998
95,MS,389 Lake View Circle,,San Juan Bautista,76949,9999
96,RI,98534 Vahlen Lane,,Santo Domingo,99998,9599
97,ID,6118 Di Loreto Point,,Liufu,76997,6899
98,GA,7 Victoria Crossing,,Głogówek,87978,9897
99,KS,7 Pennsylvania Road,,Hou’an,67799,
100,SD,1 Park Meadow Parkway,,Jutiapa,97977,7898
101,IA,405 Summer Ridge Junction,,Waipawa,99978,7999
102,AR,20845 Sutherland Trail,,Bāglung,96999,9977
103,VI,15081 Kim Hill,,San Isidro,95699,
104,NH,589 Express Parkway,,Ryazanskiy,79787,
105,ND,0 Butternut Place,,Cilongkrangpusaka,86987,7569
106,AR,9149 Petterle Drive,,Marantao,89869,9998
107,FL,0717 Tony Center,,Tippi,88795,8979
108,AK,6 Clarendon Avenue,,Lingcheng,89978,
109,ID,05595 Garrison Place,#898R,Al Lubban al Gharbī,97999,
110,AS,23052 Shasta Park,,Usman’,89998,
111,NE,6 David Point,,Aral,59453,
112,OH,6 Shopko Park,,Wanagiri,69969,8995
113,OR,13 Ilene Crossing,#999q,Mtsamdou,89999,7998
114,FL,8663 Sunfield Junction,#798a,Huaqiao,89859,9868
115,LA,68145 Oriole Avenue,,Klang,99977,
116,VA,0 Lillian Pass,,Qingzhou,90789,
117,RI,83827 Walton Pass,,Yizhivtsi,87849,9999
118,GU,142 Marcy Pass,,Hekou,88989,
119,MN,2 Burning Wood Circle,,Changning,99997,
120,SD,86 Holmberg Street,,Makadi Bay,39699,9868
121,DE,5 Delaware Court,,Vilkaviskis,48878,9889
122,NJ,306 Division Alley,,Badar,99897,9999
123,PA,91 Emmet Court,,Redakodi,66998,9988
124,MI,98574 Bunting Junction,,Guanyinsi,98999,
125,WY,531 Harper Trail,,Quemú Quemú,88987,
126,TN,1439 Corscot Plaza,,Uppsala,99779,9979
127,MP,58852 Hazelcrest Point,,Dongzhou,97987,
128,OH,398 Spaight Hill,,Chuanpu,49697,6999
129,OR,8 Center Hill,,Shanxiahu,89978,
130,IA,9642 Lakewood Crossing,,Aktogay,98999,7895
131,PR,597 Haas Street,,Pępowo,89997,8695
132,VI,64419 Birchwood Circle,,Ruma,59998,7869
133,TN,663 Roxbury Center,,Santo Tomás,79988,
134,ME,1708 Havey Road,,Rangpur,79779,8899
135,MS,59 Veith Center,,Minglanilla,87899,
136,NJ,9508 Southridge Point,,Kotel’niki,88679,
137,CO,20083 Pepper Wood Terrace,,Ubonratana,99949,
138,TX,4 Hagan Circle,,Balete,89969,9998
139,OH,56 Dayton Crossing,,Chiclayo,86999,8890
140,RI,3500 5th Pass,#589q,Bieqiao,99798,8969
141,KS,93203 Logan Parkway,,Heqiao,89998,
142,NY,05 Bowman Hill,#897j,Lewoluo,96898,
143,KS,75 Redwing Pass,,Borovoy,88769,9799
144,CO,2183 Delladonna Avenue,,Zhangzhishan,98696,
145,WV,69 Kim Parkway,#998L,Benniu,98898,8998
146,WV,383 Mayfield Alley,#699W,Balaka,99899,9897
147,CA,2615 Northview Place,#596x,Pingwang,79998,
148,DE,8 Scofield Junction,,Novodmitriyevskaya,99889,9799
149,IL,04448 Darwin Center,#756t,Lomboy,89997,7998
150,AR,82659 Debra Crossing,,Xianyuan,76676,
151,MP,92079 Fuller Road,#998o,Kil,67789,9779
152,KS,9 Huxley Circle,#859V,Xhafzotaj,97997,
153,MT,59904 Daystar Trail,,Cascais,98799,6999
154,IL,9403 Chinook Parkway,,Cartagena del Chairá,78977,9697
155,PA,213 Graedel Hill,,Lojigawaran,87998,9899
156,FL,26 Mendota Circle,#888n,Zhangbei,97989,
157,VI,5277 Forest Lane,,Xinji,79999,7897
158,AS,18 Farragut Court,,Ponta Delgada,99979,
159,MO,0 Fremont Place,#789p,Ma’ao,99799,8698
160,VI,82 Iowa Center,,Xinó Neró,89998,
161,HI,846 Hudson Point,,Sulechów,88979,
162,MT,33 Dryden Street,#999p,Salinas,69089,
163,CO,311 Lerdahl Center,,Sumberjo,99899,9378
164,PA,121 Grayhawk Court,,Maubasa,77899,
165,WV,17397 Calypso Place,#374a,Nart,99989,
166,PA,05 Caliangt Drive,,Lutou,99799,9998
167,GU,277 Elka Parkway,,San José de Feliciano,99997,6999
168,CO,4169 Beilfuss Hill,#988s,Jalgung,98797,9788
169,AK,92 Harper Park,,Igede-Ekiti,99999,
170,HI,66 Hallows Court,#979m,Ōkuchi,93979,5999
171,DE,84083 Morrow Hill,#975G,Mogi Mirim,99499,
172,GU,06297 Sheridan Avenue,,Ban Dung,77898,
173,VI,23 Banding Street,#796y,Labrador,98989,8589
174,MD,197 Gateway Circle,,Mora,78596,
175,NE,0 Old Shore Avenue,,Yakimovo,98999,
176,TN,05085 Duke Center,,Malusac,99999,6979
177,OR,22 Dunning Street,,Guaynabo,88999,
178,HI,66 Service Street,#596k,Nanpiao,69789,9939
179,VT,9 Lawn Lane,,Bressuire,99987,9999
180,NC,1 Derek Trail,,Manglid,89779,9957
181,WI,08 Ilene Alley,#998g,Górzno,78999,
182,MO,1 Village Green Way,,Woippy,88998,9987
183,HI,5 Oriole Park,#988c,Messina,99979,
184,WY,2888 Carberry Avenue,,Próti,78995,
185,OR,4101 Ruskin Junction,,Tocoa,77899,9778
186,MO,62 Monica Pass,,Khovaling,96989,9888
187,ME,1 School Street,#992c,Jiangti,88896,
188,MD,0 Goodland Road,#998f,Wang Nam Khiao,99589,9659
189,NY,6256 Mockingbird Parkway,,Dadong,99896,
190,MN,706 Northland Plaza,,Chicago,66697,
191,SC,4828 Hovde Alley,,Frýdlant,88689,
192,OR,6578 Carioca Avenue,#798I,Novi Sad,99798,
193,AS,644 Stang Plaza,,Willemstad,97778,8989
194,NJ,10 Huxley Plaza,,Candelaria,97889,
195,PR,41667 Maryland Alley,#887A,Xinxiang,99979,
196,TN,56 Superior Alley,,Tsurugi-asahimachi,99959,
197,NY,2897 Holy Cross Center,,Kampungladang,96988,8994
198,PR,9 Macpherson Junction,,Nora,99799,9877
199,IA,96859 Golf View Center,,Margasana,79877,6858
200,TN,408 Columbus Crossing,,Antipolo,99763,9998
201,NM,74618 Thackeray Lane,,San Antonio,96679,
202,SC,21 Kim Parkway,#986z,Yuecheng,78980,
203,IL,86 Bonner Street,,Qionghu,99798,7871
204,MA,5 Roth Place,#799A,Serednye Vodyane,76999,2999
205,IN,30571 Nancy Way,,Aş Şanamayn,77999,9999
206,NH,45 Armistice Way,,Al Miftāḩ,69889,7987
207,AS,89349 8th Parkway,,Bubullimë,99895,7858
208,AZ,12 Mockingbird Trail,#899A,Xinjiebu,99968,
209,NJ,2 Knutson Court,#795f,Teresita,89988,6479
210,OR,29902 Southridge Center,#697x,Palecenan,97888,
211,WA,77792 Alpine Crossing,,Ożarowice,35999,
212,MA,914 Rieder Place,,Torre,87899,
213,WA,48359 Oakridge Place,,Uruobo-Okija,99999,9898
214,RI,6 Ludington Junction,#796d,Geghanist,78998,
215,AR,7 Goodland Center,,Ombul Barat,98788,
216,AL,461 Goodland Alley,,Takahashi,98859,
217,MN,407 Karstens Avenue,#899W,Jianshe,97997,
218,NE,2185 Debra Center,,Pujocucho,68679,9899
219,WY,4849 Muir Avenue,,Glyadyanskoye,67549,9999
220,NV,9139 Maywood Terrace,,Apoya,87995,
221,MP,60823 Memorial Lane,,Drien Rampak,99999,9689
222,CO,9 Bayside Plaza,,Xiangyangpu,99896,
223,KY,4413 Vidon Drive,,Wenquan,99469,8789
224,MT,79824 Eggendart Lane,,Pongkor,57997,
225,KS,3 Milwaukee Terrace,,Dobrich,96999,
226,IN,912 Bunker Hill Circle,,Fovissste,98899,
227,VT,3532 Birchwood Pass,,Toulouse,88749,7979
228,NH,74706 Clemons Way,,Viedma,99999,8967
229,OH,2 Rieder Street,,‘Awartā,88599,9999
230,KY,79575 Grim Place,,Onzaga,99898,9989
231,WA,18 Southridge Road,,Rancaerang,97989,
232,MD,522 Gerald Hill,,Tayāsīr,69986,
233,NM,98 Eggendart Park,,Plasy,98979,
234,FL,7203 Gale Hill,,Caridad,79999,
235,KS,02 Havey Road,#178C,Tours,86799,
236,OH,3298 Drewry Center,,Margasari,98598,
237,PR,5056 Laurel Trail,,Aguachica,99999,
238,MN,09984 Butternut Parkway,,Kombissiri,76799,
239,VA,20237 Packers Place,#998e,Nuevo Arraiján,47798,
240,RI,6246 Oneill Hill,#989h,Xiangdong,89979,
241,OR,4639 Hallows Court,,Liuzhi,87969,8985
242,WI,646 Ruskin Junction,#978E,Leigu,66899,9998
243,ND,85204 Glacier Hill Terrace,,Katima Mulilo,79959,8998
244,HI,03514 Scofield Street,,Maco,77998,
245,OK,18001 Carey Circle,#978p,Moulins,98797,
246,IA,201 Spohn Court,#767j,Solna,89588,7999
247,PA,6 Mariners Cove Plaza,#998A,Independencia,76899,
248,RI,382 Farragut Junction,,Margarita,85779,8989
249,AL,36697 Coolidge Plaza,,Coloncito,99998,
250,ME,1052 Scofield Circle,#988C,Kaavi,79983,
251,NC,08 Donald Parkway,,Tohong,79895,
252,PR,20136 Saint Paul Hill,#999N,Kasembon,86779,
253,WY,300 Blaine Center,,Cuntan,76978,9959
254,ID,4241 Division Street,,Shanghu,79659,
255,GA,2697 Swallow Hill,,Kikuchi,97986,
256,AS,5186 Nevada Avenue,,Erdao,79878,
257,NH,2093 Buell Crossing,,Kuala Lumpur,98998,8879
258,NC,17743 Gina Crossing,,Yongjiu,99995,
259,LA,0 Mandrake Circle,,Nuwara Eliya,99877,
260,AL,01 Dovetail Court,,San Juan Pueblo,86958,9977
261,AS,25430 Packers Trail,,Shaba Zhen,98598,
262,OR,3 Londonderry Plaza,,Beipai,69797,8889
263,WV,409 Birchwood Center,#797U,Velikiye Borki,89894,8999
264,LA,410 Pearson Road,,Midrand,99989,
265,DC,71 Fairview Terrace,,Pueai Noi,89799,
266,CT,3092 Paget Crossing,#890n,Velikiy Ustyug,69999,
267,WY,37 Crest Line Avenue,#799C,Alak,89999,9998
268,VI,9 Anzinger Terrace,,Mapiri,89997,
269,NY,420 Clemons Way,,Arísvi,99688,6928
270,KY,94176 Graedel Junction,,Lugo,78998,9798
271,IN,0815 Shoshone Lane,#989C,Xiaocheng,89999,
272,AZ,6 Vahlen Way,,Duyanggang,29889,
273,MA,3767 Spaight Junction,#799S,La Escondida,78989,8898
274,WI,5823 Hagan Parkway,#979Z,Hongshanzui,79787,
275,MD,4 Sullivan Avenue,#998a,Greater Napanee,99796,
276,CA,69 Steensland Pass,,Priekule,88697,9989
277,MA,3144 Prairie Rose Street,,Mizunami,99839,
278,IA,8 Cody Point,,Hufeng,79969,
279,MS,60408 Sloan Road,,Oju,96989,9998
280,VA,3836 Myrtle Place,#976t,Shache,69999,
281,AS,033 Division Center,#885V,Mingshui,68999,8799
282,NM,0 Pepper Wood Hill,,Banyubang,73899,9989
283,MI,76000 Melody Junction,,Dunhua,34998,8986
284,NE,67070 Northwestern Center,,Weligama,97957,
285,TN,384 Blue Bill Park Park,,Youzai,88899,
286,MO,26760 Mcguire Alley,,Las Lajas,58988,6988
287,MI,987 Clove Drive,#988K,Týn nad Vltavou,99999,
288,WA,3668 Mayfield Park,,Chico,98898,
289,WY,4163 Ronald Regan Lane,,Stockholm,68878,
290,AS,558 Sunnyside Drive,,Chernelytsya,87995,9775
291,SC,00358 Drewry Park,#898W,Farkhor,96968,8989
292,IN,15 Novick Pass,,Livádion,99999,8886
293,CO,6885 Reindahl Place,,Hatogaya-honchō,98738,
294,NC,710 Onsgard Circle,,Privlaka,89899,
295,VA,3242 Glacier Hill Park,,Thị Trấn Mường Lát,89989,9899
296,NE,13523 Duke Center,,Dzüünbulag,79699,9599
297,NJ,101 Armistice Way,,Ljupina,78588,
298,KS,7826 Waxwing Circle,,Nizhnepavlovka,88988,
299,CO,04159 Sherman Crossing,,Bayan Ewenke Minzu,99898,8998
300,MT,43975 Twin Pines Plaza,,Vichuga,98999,
301,AR,6 Portage Pass,#997n,Eaubonne,69936,
302,IL,80731 Lillian Street,,T’aebaek,98989,8957
303,AL,3853 Prentice Avenue,,Ngala,98996,9893
304,MN,11168 Sommers Drive,,Unión de Reyes,89679,
305,ME,21 Little Fleur Place,,Mastung,68899,
306,HI,72 Clarendon Center,,Checacupe,78999,
307,OH,003 Loftsgordon Crossing,,Al Ḩudaydah,99958,7898
308,CT,79473 High Crossing Street,,Santa Cruz,58993,
309,FL,8 Tomscot Road,,Strasbourg,88899,
310,WY,453 Lotheville Trail,#877x,Stockholm,68979,9989
311,ND,9 Sundown Way,,Czechowice-Dziedzice,78794,
312,HI,80 Holy Cross Terrace,,Grabica,98887,9799
313,AR,06 Northwestern Center,,Tumaco,89986,5797
314,FL,509 Harbort Trail,#989f,Cikondang,78989,
315,RI,492 Sage Plaza,#998f,Buenos Aires,38879,
316,NE,745 Mayfield Street,,Refojos,68896,8987
317,KY,3076 Becker Circle,,Baise City,99898,
318,VT,573 Bobwhite Plaza,,Samburat,89999,
319,PR,7745 Mccormick Trail,,Grekan,96998,7988
320,MA,278 Shopko Drive,,Shuangyang,97976,
321,UT,382 Blue Bill Park Lane,,Chrysó,98948,6995
322,KY,17070 Westport Drive,,Narok,79769,
323,MN,02544 Corry Way,,Mella,99896,
324,MP,02 Corry Hill,,La Quebrada,88989,
325,AR,9556 Stuart Terrace,,Torslanda,99799,6798
326,LA,4 Rowland Crossing,,Ban Takhun,99898,9879
327,WI,95558 Kingsford Court,,Tagdanua,97979,
328,LA,82 Fairview Center,,Sidomulyo,99883,9979
329,OK,78979 Sheridan Way,,Masaya,97959,8999
330,MA,17 Waubesa Circle,,Negara,98899,
331,MA,8 Mifflin Way,,Zhuyang,88997,6999
332,MP,94 Division Center,,Rimpakgede,99986,
333,CO,26 Butterfield Lane,,Benavila,98989,
334,MI,4609 Schmedeman Terrace,#899c,Capinzal,97787,
335,OR,5823 Pleasure Point,,Bauchi,99999,9975
336,MP,6781 Debs Lane,,Fengjia,99899,
337,OR,6 Buhler Point,#999U,Tabuc Pontevedra,77599,9968
338,PR,6 Shelley Drive,,Palkovice,79799,9999
339,FL,06269 Almo Crossing,,Shiogama,87879,6988
340,MN,19644 Donald Center,,Skellefteå,94599,
341,TN,94750 Grover Drive,,São José de Ribamar,83879,8899
342,NJ,4075 Miller Way,#989p,Inđija,89988,
343,OK,2 Carpenter Alley,#598W,Canelas,98799,9779
344,LA,8 Derek Pass,#877H,Kota Trieng,78996,9978
345,NC,69 Luster Junction,#978Y,Malonty,89799,
346,CO,62 Raven Hill,,Banjar Buahan,79997,9697
347,HI,6125 Linden Point,,Ḩurayḑah,99987,8988
348,MS,9403 Crowley Way,,Hutou,87999,
349,DC,84 Eliot Center,,Barrouallie,89887,
350,VI,1 Karstens Park,#999F,Natividade,98978,
351,SC,37 Nelson Circle,,Huansheng,99948,
352,NH,9 Spenser Center,,General Pinedo,99889,
353,MS,41274 Schlimgen Parkway,#988R,Luyang,86579,
354,WY,8713 Continental Way,,Pathum Thani,99989,9999
355,UT,51583 Moland Lane,#959i,Dodol,88998,
356,ID,96 Lakewood Crossing,,Yilongyong,99799,
357,CT,0 Alpine Junction,#999j,Pangpang,96889,
358,IL,7 Lyons Lane,#589H,Lukulu,86499,6397
359,ID,44 Michigan Park,,Bishkek,98558,9749
360,WA,608 Graedel Road,,Montreuil,89899,6978
361,AZ,5235 Thackeray Parkway,,Lengshui,98899,
362,ME,386 Valley Edge Junction,#688r,Jianguang,89989,
363,UT,2 John Wall Park,#999P,Brive-la-Gaillarde,99996,9994
364,NE,9 Novick Avenue,,Gotemba,88989,
365,NY,30802 Hagan Crossing,,Blagoveshchensk,79789,
366,IA,07 4th Parkway,,Tāklisah,88789,9689
367,NE,490 Sullivan Lane,,Banjar Pangkungkarung Kangin,99999,9779
368,OH,88757 Springview Point,,Torslanda,85999,
369,AK,2946 Cascade Place,,Osielsko,96999,
370,WY,62688 Cottonwood Pass,,Kez,88879,7799
371,NC,718 Jenna Street,,Xiuying,99899,8996
372,ID,98 Eastlawn Alley,#999Q,Apitong,99799,
373,KS,066 Welch Way,#999w,Xin’an,99889,
374,CA,39439 Clove Way,,Kerasochóri,99968,8988
375,VT,5098 Nova Junction,,Biyong,99879,9888
376,AL,9 Havey Drive,#996o,Kumagaya,97899,7469
377,AZ,19 Pearson Trail,,Nýřany,89988,
378,IN,503 Upham Way,,Sattahip,99969,8894
379,CT,46812 Golf Course Road,,Gaza,99499,7896
380,NH,563 Summit Hill,,Jāsim,99998,8878
381,DE,60632 Vahlen Way,#878X,Gorzyczki,99888,
382,NE,998 Oneill Trail,,Salingogan,86867,
383,OR,6169 Lyons Circle,#499b,Kedungbulu,89977,
384,GU,0124 Gateway Lane,,Chuanpu,98995,
385,CA,9 Alpine Avenue,,Washington,93989,
386,SD,641 New Castle Drive,,Cibingbin,97986,
387,KS,7 Bunker Hill Avenue,#899a,Panguipulli,78565,6899
388,CO,3 John Wall Avenue,#996p,Sembungan Kidul,93768,
389,WI,3926 Messerschmidt Plaza,#659X,Soa,89899,
390,MI,6787 Linden Avenue,,Krrabë,99879,9988
391,NY,57554 Hoard Lane,,Povedniki,98889,9898
392,CT,665 Lake View Alley,,Sandia,79998,9998
393,WI,10290 Manufacturers Point,,Bolanon,98999,
394,TN,980 Grim Road,,Gondomar,88896,
395,AS,0 Golf View Trail,,Alofi,88986,9878
396,TN,556 Oriole Circle,,Xiaoyi,96887,
397,MD,99 Hazelcrest Court,,Šavnik,77799,
398,ND,47481 Evergreen Hill,#989S,San Andrés,58859,
399,ND,2535 Dottie Parkway,#979x,Yuyue,79986,5999
400,CT,38 Roxbury Plaza,,Valejas,99999,8588
401,TN,3413 Bluestem Center,,Ḩarīb,66789,7869
402,IN,3 Merchant Avenue,,Yangqiao,87965,
403,VT,1817 Vera Street,,Wonokerto,78998,9989
404,OK,2 Fisk Drive,,Phú Túc,79886,9969
405,KY,3 Memorial Court,,Galutu,68798,9979
406,MD,4177 Fair Oaks Center,,Xinning,89879,7999
407,MI,0601 Coleman Way,,Stockholm,79596,
408,PR,80 School Drive,,Puteran Kidul,87991,8989
409,FL,90 Luster Pass,,Proletar,98687,
410,GU,612 3rd Junction,,Šentrupert,96899,
411,NM,1485 Sauthoff Lane,,Aracataca,99899,
412,MN,59311 Nova Alley,,Kaiapoi,98986,
413,TN,982 Lawn Plaza,#785g,Viesīte,33898,7769
414,ID,7 Dennis Pass,,Alexandroúpoli,88769,
415,MD,6 Rockefeller Avenue,,Przemęt,98949,7699
416,MO,82 Del Mar Center,#599d,Kediri,88899,
417,WV,73656 Daystar Pass,#986Z,Irákleion,99498,6989
418,ID,5134 Mendota Avenue,,Beizhakou,99977,
419,WY,9937 Ruskin Trail,,Tchaourou,79996,9888
420,GU,1 Kennedy Street,,Ermidas do Sado,68958,
421,ND,87315 Farmco Circle,,Hyesan-si,99679,9899
422,MA,5894 Monterey Way,,Wilmington,69978,9999
423,HI,8 Mifflin Way,,Kadaka,87899,
424,IA,421 Maryland Street,,Sukaraharja,95889,4974
425,AR,3057 Mifflin Lane,,Ad Darbāsīyah,99999,
426,NM,66 Thierer Court,#889a,Fier,98999,8979
427,SD,1306 Shoshone Point,,Barusuda,89688,9587
428,DE,56 Randy Point,,Aemura,99899,
429,VT,6440 Crest Line Park,,Castro Daire,99989,
430,GA,5694 Mallory Avenue,,كاف الجاع,99879,8989
431,HI,13 Park Meadow Park,#989C,Ранковце,98689,7889
432,NJ,015 Waubesa Avenue,,Boro Utara,99877,
433,WY,9 Scott Crossing,#889G,Jiangluo,79974,
434,NM,679 Sunbrook Alley,,Independencia,87799,
435,MI,96257 Iowa Pass,,Novopokrovka,97890,
436,PA,2251 Moose Pass,,Vydreno,98874,9999
437,NH,8622 Glendale Park,#668x,Kitale,88868,
438,OK,0385 Kingsford Lane,,Al Mughayyir,88895,
439,CA,1384 Anzinger Place,#367A,Côte-Saint-Luc,89959,
440,OR,18 Nelson Trail,,Hasan,98969,
441,OR,4 Eliot Alley,,Gaxung,99998,9999
442,MT,454 Pine View Avenue,#978d,Yuqian,79888,
443,NH,77924 Boyd Lane,,Lysekil,98959,7999
444,MA,23 Morrow Avenue,,Semampirbarat,87797,9999
445,OH,0330 Green Road,#998k,Shādegān,99872,
446,LA,6 4th Street,,Bang Rak,99798,7887
447,IA,3 Nelson Court,,Guankou,99999,9889
448,AR,6682 Meadow Valley Crossing,,Bodiosa a Velha,99978,
449,NH,7 Mayer Parkway,,Grekan,99399,
450,KS,628 Nelson Circle,,Pasvalys,87981,
451,DE,64447 Portage Hill,#799N,Jaguaruana,99979,9938
452,OR,78 Tennyson Plaza,#578r,Paradahan,99898,3989
453,KS,8426 Mallory Street,,Amparafaravola,99989,
454,IL,9224 Meadow Ridge Hill,,Xinzhuang,99766,
455,SD,58121 Acker Terrace,#989D,Nggalak,79788,
456,WA,7 Forster Way,,Aplahoué,99988,9987
457,DE,9 Tennessee Point,,Libiąż,79996,
458,PR,3017 Crownhardt Terrace,,Joypur Hāt,69879,
459,TX,64 Fordem Lane,,Troparëvo,98877,8996
460,PR,35916 Jana Terrace,,Heiheba,78988,9787
461,AL,3779 Bunker Hill Center,,Yaxi,95897,
462,MN,2745 Chive Road,,Prince Edward,98799,
463,OH,131 Anniversary Park,#798W,Wenwusha,79977,8875
464,ID,000 Northport Place,,Tagbina,79896,
465,WV,63265 Lindbergh Way,#998f,Ntsoudjini,88998,8975
466,DE,5078 Forster Way,,Jembatandua,99995,
467,IL,5 Butterfield Way,,Plato,69897,7999
468,RI,2 Di Loreto Junction,,San Antonio,99999,8987
469,MS,42626 Delaware Way,,Anyang,99896,
470,CA,2 Sloan Court,,Xin’an,78895,8998
471,OK,4270 Tennyson Parkway,,Tianyu,84989,
472,IL,5791 Cambridge Park,,Tomakivka,79899,
473,UT,28 Village Center,,Toledo,99989,
474,ID,82384 Sycamore Crossing,,Hetou,79997,9976
475,WV,790 Vernon Road,#889F,Xinjiang,80998,9898
476,WV,4011 Spenser Pass,,Bryansk,99979,9999
477,NY,160 Eastlawn Terrace,#979S,Yangchao,97878,
478,TX,527 Killdeer Drive,,Buynichy,97969,
479,OK,73 Kim Circle,,Vrsi,87869,
480,NE,94 Gina Point,,Qingguang,93896,
481,OK,304 Walton Street,#985H,Vis,89899,
482,MO,5284 Eastlawn Point,#999R,Santa Bárbara d'Oeste,58999,
483,AZ,3 Kennedy Crossing,,Tibakisa,66996,
484,MN,17 Leroy Drive,,Sumberpinang Satu,99999,
485,MI,63 Butternut Plaza,,Palomoc,78969,8959
486,NH,72817 Buhler Street,,Trinidad,98987,9378
487,WI,98428 Donald Lane,,Wangbuzhuang,94809,8979
488,MI,8862 Bonner Park,,Sukmoilang,99687,
489,PR,917 Ridgeway Point,,Novominskaya,99899,8869
490,CT,3 Maple Wood Crossing,#899s,Dhībīn,99988,
491,NE,3 Sugar Pass,,Konice,94979,
492,OR,77340 Kensington Road,,Yinzhu,89879,9999
493,AR,3303 Erie Way,,København,98998,6898
494,IA,0 Farragut Place,,Vratsa,89788,9988
495,OR,55 Havey Lane,,Blatná,99995,
496,PR,6 Vernon Street,,Klampis,88689,
497,ID,252 Wayridge Lane,,Anta,93919,
498,ME,40184 Sheridan Center,,Jayapura,99789,9779
499,AS,19 Nobel Hill,,Sosnovaya Polyana,99989,
500,NM,023 Granby Drive,,Itagüí,89899,
501,OH,1663 Clove Point,,Topolovgrad,99988,
502,WY,583 Fisk Alley,,Samashki,97999,7576
503,CT,5 Independence Place,,Ko Samui,58576,9892
504,NM,0 Killdeer Crossing,,Jincheng,88899,
505,WY,65 Knutson Plaza,,Luxi,76989,
506,ME,711 Paget Hill,#976s,Paris 04,99999,
507,WV,29125 Buena Vista Court,,Xinzhou,99958,
508,ND,301 Di Loreto Hill,,Mauá,89549,
509,ID,3 Barnett Way,,Pulau Pinang,88866,7979
510,IN,58143 Corry Trail,,Gyumri,99989,8899
511,CA,1279 Veith Court,,Pluak Daeng,99968,8797
512,AR,98 Bluestem Court,,Nürnberg,89998,
513,OK,54 Schlimgen Court,,Nasīrābād,99899,
514,KS,8 Ridgeway Center,,Quyangqiao,95687,8899
515,SC,72 Jenna Point,,Santa Catalina,79999,4898
516,CA,04990 Colorado Pass,#896w,Zhukovskiy,99999,8999
517,WA,72 Mesta Way,,Jönköping,97998,
518,ID,125 Burning Wood Hill,#979d,Krajan,89899,
519,MT,4775 Brickson Park Way,#988q,Sydney,99998,8789
520,ME,3 Colorado Junction,#959b,Gampingan,76899,9987
521,HI,841 Crowley Way,,Khon San,96899,7999
522,PA,0 School Center,,Megati Kelod,97989,
523,WA,6531 Waubesa Alley,#998i,Rezé,99999,
524,WV,43 Warner Parkway,,Rengang,77879,7988
525,MI,5 Birchwood Pass,,Mombaça,99959,
526,OK,78 Killdeer Point,,Beranci,99798,9939
527,TN,622 Memorial Street,,Betong,97979,9799
528,HI,11 Veith Lane,,Mīrwāh Gorchani,80296,8897
529,GA,5076 Beilfuss Alley,,Los Guayos,89959,7858
530,OH,0545 Stephen Street,#999m,Novhorodka,76797,
531,KY,873 Banding Trail,,Jalālābād,99999,
532,PR,3607 Nancy Alley,#999X,Dubki,89899,
533,NC,81 Ludington Point,,Morales,98588,5997
534,PR,63459 Northport Street,,Caçapava do Sul,99989,8788
535,NH,7 Summit Hill,,Balkh,98797,9879
536,IL,6978 Mayer Parkway,,Zhangjiafang,79969,9678
537,MP,898 Pennsylvania Terrace,,Cergy-Pontoise,88599,
538,AS,5798 Badeau Park,,Vihāri,88899,
539,NM,4894 Commercial Point,,Abonnema,88986,9988
540,WA,46371 Ramsey Alley,,Dingshu,88779,
541,WV,7099 Village Plaza,,Phra Pradaeng,99997,
542,FL,980 Tennessee Crossing,#869d,Lianozovo,99978,
543,CA,2374 Carioca Crossing,,Karnobat,88789,8489
544,OH,3 Holmberg Street,#879K,Morales,98497,8998
545,GA,9 Fairview Street,,Chedao,97992,9689
546,VT,724 Homewood Terrace,,Ijebu-Ife,48999,
547,MI,25 Myrtle Plaza,,Thung Song,38999,9659
548,HI,2 Mosinee Crossing,,Kapshagay,99947,
549,NH,4 Manitowish Center,,Horní Cerekev,97879,9858
550,AR,048 Judy Lane,#978E,El Marañón,89978,9697
551,IL,99295 Continental Alley,,Güines,97799,7998
552,GA,8985 Vermont Crossing,#899Z,Jingouhe,89398,
553,MP,44 Bartelt Pass,,Pasadena,79996,9998
554,WV,6508 Carey Point,,Sandachō,79918,
555,WA,51 Golf Course Circle,,Xiaotao,95698,4689
556,OR,1869 Waywood Lane,,Shijiazhuang,88999,9799
557,NJ,54342 3rd Crossing,,Cigaras,98999,
558,IN,35403 Hooker Place,,Şabāḩ as Sālim,38998,
559,GA,8 Clyde Gallagher Pass,,Södertälje,97667,
560,AK,5955 Drewry Crossing,,Lapa do Lobo,99999,9798
561,MP,5307 Darwin Avenue,,Chã,87899,9976
562,MI,7 Moose Parkway,,Milagros,99996,8899
563,OK,70 Melody Parkway,,Almere Stad,78949,
564,MS,4 Morrow Center,,Khotiv,99788,4789
565,KS,65313 Cascade Point,,Naivasha,97688,
566,MS,05589 Kings Center,#985H,Kadubincarung,79941,
567,MO,89 Kropf Point,,Pangpang,89985,
568,MA,53527 Clemons Junction,,Xiaping,89979,8875
569,MA,05 Lien Street,,Cigaleuh Kulon,98789,9979
570,ND,0 Dottie Drive,,Mons,99888,
571,NE,146 Hoard Lane,,Saryg-Sep,97999,
572,OH,64202 Westridge Crossing,,Novais,64995,
573,TX,29724 Hauk Way,,Vargem Grande Paulista,98998,7999
574,MA,678 Kensington Place,,Cedry Wielkie,87898,9849
575,NE,7 Carpenter Circle,,Dudchany,99996,
576,MP,90663 Shoshone Street,,Tianxin,89959,8679
577,KY,29677 Commercial Street,,Vitoria-Gasteiz,77588,6882
578,CT,9 Derek Court,#898f,Ciherang,69893,
579,CA,435 Killdeer Park,#688p,San José,98778,7988
580,CO,71 Little Fleur Point,,Cimalati,78999,5989
581,AZ,786 Melby Hill,#889r,Karapyshi,19799,8959
582,RI,6814 Esker Point,,Yaviza,79998,9698
583,FL,30730 Loeprich Lane,,Tōgane,89997,
584,MP,9 Columbus Park,,Khotynets,89989,
585,KS,7 Bunting Terrace,,Kolmården,78999,
586,SD,4572 Summerview Road,#988R,Khŭjand,86798,
587,CA,4095 Bartelt Plaza,,Rogachëvo,91978,
588,WI,13 Sloan Street,,Yalagüina,69889,
589,AS,5184 Hollow Ridge Terrace,,Jackson,98599,9888
590,AR,107 Briar Crest Lane,#958f,Yaita,79889,9957
591,MD,5865 8th Way,,Bayan Qagan,89587,9899
592,WY,83 Ruskin Terrace,,Norrtälje,99789,
593,VT,7 Golf View Circle,,Jobabo,78889,9898
594,DC,449 Mayfield Center,,Karanganyarkrajan,94999,
595,MT,293 Swallow Hill,,Lappeenranta,99879,8979
596,HI,76789 Dorton Crossing,,Lamont,99668,
597,IN,2973 Reindahl Pass,#648g,Taganrog,99677,7869
598,VA,4306 Algoma Park,,Kiev,89659,7799
599,WY,004 Maryland Plaza,,Sarvaš,89998,
600,IL,6 Eagle Crest Way,,Haoba,58998,
601,NV,5 Golf Course Way,#386R,Dobrzyca,88969,9999
602,MT,72 Luster Parkway,,Kalianyar Selatan,69979,
603,AR,7122 Hanover Hill,,Nytva,88896,8987
604,NM,882 Springview Road,#966M,Pimentel,97777,
605,ME,47 Bellgrove Road,,Pirok,96998,9899
606,IA,97 Debs Park,#989n,Dunkerque,98959,
607,VT,893 Dottie Place,#698H,Chaiyaphum,97995,9999
608,AR,99 Esch Way,#999S,Lorient,78958,
609,VI,42312 South Terrace,,Turośń Kościelna,89989,
610,PR,31 Packers Street,,Yeosu,87778,9789
611,MP,88 Schmedeman Alley,,Aliwal North,79689,
612,MO,3573 Brown Lane,,Ibagué,94989,9769
613,CT,8 Fremont Court,,Sukabumi,95687,9998
614,VT,6837 Miller Point,,Saraza,99888,
615,MI,81 Jenifer Alley,,Palue,98997,8697
616,MO,24 David Hill,,Chai Nat,49789,
617,RI,7800 Briar Crest Center,,Yinyang,99899,
618,NC,129 Crownhardt Center,,Ganchazi,99686,9996
619,PA,27267 Dakota Terrace,,Dao,99699,
620,PA,00389 Susan Drive,#989I,Wichian Buri,88788,8893
621,WA,9 Clemons Alley,,Kokaj,99398,4996
622,TX,49337 Duke Drive,,Kaesŏng,89896,9779
623,KS,980 Logan Point,,Okanagan,83657,
624,MD,3367 Boyd Lane,,Likiep,87799,
625,VI,69435 Schmedeman Drive,,Lingdi,99889,9797
626,AR,1753 Lerdahl Pass,#989z,General Alvear,99699,9979
627,AS,36 Graedel Center,#997e,Ipoh,97568,
628,GU,0475 Hudson Pass,,Combita,99998,
629,IA,07968 Del Mar Crossing,,Thị Trấn Cẩm Thủy,99799,6879
630,PR,90122 Chinook Alley,#676e,Jinshan,98989,
631,VA,316 Erie Point,#997h,Osnabrück,89999,9899
632,WY,7 Shelley Park,#699p,Baltimore,99989,9799
633,GU,7067 Marcy Avenue,,Zhaobaoshan,69997,9959
634,HI,01970 Kedzie Point,,Balazar,98995,
635,IA,92844 Hooker Trail,#999m,Banī Walīd,99757,9688
636,DE,998 Shopko Crossing,,Chengnan,87999,
637,DE,35269 Bonner Circle,#769x,Kukoboy,77699,
638,PR,55 Crest Line Hill,,Sātkhira,99789,
639,WY,27883 Esker Lane,,Beicheng,98998,
640,KY,6 American Ash Circle,#699G,Carrascal,89998,
641,NY,55 Jenna Road,,Sayansk,99989,9899
642,MD,30 Memorial Hill,#878l,Lengji,99997,9978
643,AR,60598 Welch Road,#998m,Sonlit,99997,
644,RI,165 David Avenue,#981k,Guilin,05986,9799
645,NY,6 Arapahoe Parkway,,Draguignan,98789,
646,AK,77464 Service Hill,,Ödeshög,98889,7989
647,CA,6 Red Cloud Pass,,Qindu,99899,9979
648,CO,4 American Terrace,#589i,Zhengdun,99899,
649,NM,38327 Schlimgen Alley,,Stockholm,99976,
650,LA,218 Banding Pass,#799P,Alvito,89877,9899
651,WY,17825 Bunting Lane,,Shenzhong,99979,1989
652,MO,5802 Pankratz Alley,,Embalse,79789,
653,IN,24271 Gateway Place,#979K,Long Loreh,99769,8959
654,MI,424 Lakewood Plaza,,Widuchowa,87989,6999
655,CA,66157 Bartillon Alley,#999V,Aganan,57879,9769
656,NC,35908 South Way,,Alanga,97898,
657,FL,5 Swallow Trail,,Tarakaniv,99898,8989
658,NE,02729 Express Park,,Huanchaco,69559,9898
659,CT,48678 Oriole Point,#797f,San José de La Montaña,48998,9998
660,ME,10 Fallview Street,,Charlotte,99966,9584
661,WY,0765 Lunder Center,,Huandiqiao,98569,6857
662,WV,11 Carey Lane,,Ljungskile,69989,9889
663,TX,1607 Mcbride Center,#998y,Shiozawa,89949,
664,IA,9 East Hill,,Santa Lucía,95996,
665,NH,599 Sage Trail,,Bode Sadu,98877,
666,NJ,039 Lake View Parkway,,Xilian,98999,6899
667,CO,952 Upham Plaza,,Ganjaran,97998,
668,SD,80 Kropf Court,,Dahewan,94898,
669,GA,1 Delaware Junction,,Balneário Camboriú,69868,9799
670,TX,143 Mayfield Hill,,Sosnytsya,89987,
671,IN,91 Orin Place,#999L,Khorinsk,99988,
672,CT,145 Kensington Road,,Jelisavac,79999,
673,IA,3789 Larry Lane,,Broby,67986,
674,ID,81 Luster Junction,,Hepu,99698,8998
675,FL,38007 Doe Crossing Park,,Lukovë,99998,
676,GA,7 Brickson Park Street,#997E,Yongdeng Chengguanzhen,59999,9899
677,IN,5 Loomis Terrace,,Bouças,99799,
678,NM,9 Hanover Place,#795l,San Rafael Arriba,99989,
679,AL,173 Eagan Street,,Gengqing,98999,8888
680,GA,7 Bluestem Park,#899Y,Cincinnati,99826,
681,MS,982 Warrior Point,,Zhonghechang,99978,
682,NE,370 Oakridge Point,,Manjing,88998,
683,FL,203 Raven Circle,,Pambuhan,98799,
684,MI,12281 7th Terrace,,Jincheng,99998,
685,DE,7 Sullivan Parkway,,Issoire,99878,9758
686,VI,0314 Towne Junction,,Baiyin,88989,9876
687,CO,63339 6th Park,,Kolno,99999,9977
688,DC,00451 Eagan Alley,#799k,Logon,46999,7796
689,CO,567 Northview Junction,#888P,Santa Marta de Penaguião,99999,
690,RI,118 Autumn Leaf Park,,Piúma,97998,7688
691,VI,0125 Annamark Court,#778k,Gaoyan,85599,7978
692,ND,249 Stuart Court,,Dingbu,69897,
693,WY,8 Maywood Avenue,#999b,Norfolk County,87979,
694,SD,8285 Scoville Parkway,,Chyšky,99899,
695,AL,40472 Buena Vista Park,,Novospasskoye,99986,
696,IA,4182 Brentwood Trail,,Alimono,97968,
697,WY,899 Spohn Park,,Araguari,99799,
698,WY,01720 Nevada Lane,,Napel,99699,7787
699,IA,77 Grayhawk Park,,Dazaifu,89999,6979
700,CA,013 Iowa Park,,Stari Lec,79999,6999
701,GU,982 Vernon Hill,#888c,Bela Vista,77995,
702,CA,46 Declaration Place,,Paris 13,99798,
703,RI,587 Melody Court,,Río Grande,99999,
704,AR,4 Clarendon Crossing,,Ōno-hara,59990,9999
705,IA,01 Hayes Junction,#997v,Zelenodolsk,78687,9699
706,NE,46 Pond Lane,#599x,Mar del Plata,89569,
707,OH,89897 Lighthouse Bay Lane,,Tarkwa,99999,8989
708,KY,264 Sachtjen Avenue,,Wilcza,98998,
709,NY,6 Clarendon Park,,Diadi,84875,
710,NM,795 Buena Vista Lane,#897p,Thayetmyo,89859,9864
711,KS,620 Dixon Avenue,,Ad Dawādimī,98886,
712,ID,63926 Roxbury Crossing,,Jinhai,97989,8988
713,MI,0 Raven Alley,,Bugul’ma,98799,7799
714,MS,98 Bunker Hill Way,,Södertälje,99999,6658
715,WV,3 Independence Pass,#499G,Baisangguan,89878,9991
716,VT,505 Badeau Way,,Klippan,99889,9999
717,TX,931 Northfield Point,,Wailolong,97699,9889
718,VA,0 Fuller Hill,#978W,Bangued,98939,
719,MD,27005 Lillian Crossing,,Filipstad,88788,0999
720,AL,87 Meadow Ridge Trail,#998o,Itacoatiara,94999,
721,TN,7 Elka Crossing,,Bigaan,98987,
722,NH,884 Del Mar Crossing,,Velká Bíteš,98699,8999
723,IN,22423 Magdeline Circle,,Washington,97789,9999
724,VI,9 Holy Cross Place,,Cachoeira do Sul,88948,8994
725,PA,708 Claremont Park,,Burgau,99897,
726,DC,61 Walton Pass,,Vitória da Conquista,89599,
727,LA,62 Buhler Junction,,Matina,95989,9989
728,VI,3 Texas Street,#699N,Cruz del Eje,96972,
729,VI,8324 Becker Trail,#998E,Qiaole,68998,9987
730,TX,81688 Evergreen Terrace,,Kamieniec Podolski,99897,
731,SD,64668 Gulseth Place,,Casal Galego,96998,7977
732,NC,67 Alpine Hill,#898H,San Luis del Palmar,93879,9978
733,CA,221 Lakewood Trail,,Storuman,99978,
734,UT,3054 Crescent Oaks Circle,,Proboštov,99998,5999
735,OH,70 Colorado Avenue,,Karelichy,78998,9928
736,LA,0565 Swallow Court,,Vukatanë,98589,9799
737,IN,73078 Ilene Junction,#859M,Llocllapampa,86699,9999
738,HI,61890 Haas Place,,Benevides,79939,
739,VT,5 Esch Terrace,,Gaoliban,48979,7979
740,VT,777 Morning Court,,Jiangwang,89899,8996
741,TN,3 Service Pass,,Tuanfeng,88999,9998
742,AR,3 Eastlawn Parkway,#998p,Dvorichna,65289,
743,UT,65354 Hayes Crossing,,Pambuhan,99896,
744,KY,16877 Logan Parkway,#899C,San Francisco,97998,1997
745,TN,12 Bultman Place,,Tomilino,99689,
746,NC,60 School Plaza,#988b,Bené Beraq,99989,
747,NM,63835 Columbus Plaza,#999J,Frederiksberg,89999,9897
748,NJ,5193 Summer Ridge Alley,,Šventoji,99879,7899
749,MO,658 Warrior Trail,,Sijing,89779,8688
750,MP,03348 Mccormick Street,,Dalmatovo,89899,
751,AS,0858 Jana Alley,,Tantamayo,77698,
752,UT,9774 School Park,#999E,Zolotonosha,49817,9988
753,RI,47 Pearson Street,,Machinga,96598,9999
754,NV,72 Columbus Street,,Jingzhou,96999,
755,NH,21 Emmet Lane,,Lyubotyn,99675,
756,CA,9793 Ridge Oak Park,,Horad Pinsk,88879,
757,MI,0 Center Park,,Dake,79999,
758,ID,291 Kinsman Circle,,Ōami,99957,
759,VT,5050 Bartillon Crossing,,Tongjing,89777,8498
760,MT,448 Farmco Alley,#896H,Penápolis,89999,9859
761,CO,1 Mariners Cove Pass,#989O,Leiden,88989,8878
762,WV,618 Hazelcrest Trail,,Jiangzhang,94776,
763,FL,4382 Chinook Alley,,Saño,58898,8907
764,LA,0 Canary Park,,Muang Phôn-Hông,85898,8989
765,MP,134 Blaine Park,,Río Segundo,99896,
766,NH,59847 Westend Park,,Emiliano Zapata,88799,7978
767,IN,744 Marquette Plaza,#829x,Maralik,99766,
768,IN,420 Ridgeway Terrace,,Gniezno,98995,8979
769,CA,52307 Sycamore Alley,,As Sab‘ Biyār,99978,
770,ME,09441 Di Loreto Place,,Ruse,79778,6989
771,HI,249 Eastwood Terrace,,Līgatne,29991,
772,LA,7204 Pleasure Trail,,Nizui,89987,
773,TX,612 Gateway Circle,,Nikolo-Pavlovskoye,99978,9668
774,VA,779 Bashford Alley,,Higashimurayama-shi,96988,
775,NY,5 Burning Wood Road,,Bojadła,97996,
776,NC,81 Troy Lane,,Caopie,89898,9789
777,TN,9155 Melby Court,,Llanera,88798,3858
778,NC,04 Bowman Crossing,,Vale Maceiras,99999,
779,AZ,87558 Rieder Court,#887t,Cansolungon,98969,9979
780,DC,679 Portage Street,#889v,Zabierzów,99988,
781,AS,9 Crescent Oaks Road,#876e,Kabukarudi,88978,
782,NY,3710 Menomonie Trail,#998H,Tower,97798,
783,FL,60223 Meadow Ridge Parkway,,Hongcheng,79979,
784,WY,85 Washington Circle,#998g,Jahrom,87997,
785,PA,4 Hovde Drive,,Tembladera,87797,
786,LA,1442 Talmadge Place,,Faleula,79875,9987
787,MT,8 Rockefeller Circle,,Zhaojia,79966,
788,NJ,43 David Avenue,#879q,Moundou,68974,
789,CA,4 Dakota Parkway,,Wanfang,97599,9988
790,NM,15 Tomscot Drive,#688T,Fulong,97999,
791,GU,8610 Loftsgordon Hill,,Lilin Satu,98999,9969
792,WY,31 Lakewood Gardens Junction,,Ciganaria,98896,
793,IL,8786 Fisk Place,#878T,Ponong,89969,8898
794,KS,98 Del Sol Junction,,Florencia,89988,
795,SD,2 Kensington Way,,Queniquea,90997,
796,ND,2496 Schlimgen Trail,,Le Port,99586,9789
797,VA,3441 Ruskin Circle,,Bjelovar,98999,8999
798,RI,3 Sloan Junction,#899j,Curitibanos,89779,8789
799,MS,37 Calypso Pass,#687r,Igbaras,98998,
800,KS,31 Erie Place,,Ust’-Dzheguta,98989,
801,MD,2 Welch Trail,#779E,Zhoukou,97688,9968
802,TN,51204 Washington Park,,Ouésso,98868,
803,MP,82802 Meadow Vale Drive,#398Y,Yarumela,59899,
804,AK,779 Roxbury Junction,#997u,Tucson,98999,9998
805,VT,98 Vahlen Drive,,Huangjin,98889,9397
806,MI,0961 Almo Point,,Aţ Ţafīlah,99999,6980
807,IN,1 Shopko Plaza,,Pa Sang,97999,7999
808,MS,1777 Golf Course Crossing,,Sibucao,98997,6999
809,AR,35 Lerdahl Alley,,Falun,99788,
810,AS,19342 Havey Avenue,,Al Bīrah,99889,
811,AR,03 Myrtle Point,#899b,Sobral da Adiça,99878,
812,KY,3198 Havey Trail,,Xianbao,88899,
813,NY,51858 South Center,#998C,Cinunjang,99799,9997
814,NE,9 Paget Avenue,,Bayanbulag,98997,6967
815,GU,8303 North Court,,Jimsar,89389,7998
816,AK,592 Westend Park,,Ulster Spring,99288,7999
817,IN,4746 Lyons Parkway,,Lingdangge,99299,
818,MO,36304 Nelson Lane,,Shikārpur,99989,6699
819,WY,29 Rutledge Point,,Igir-igir,98579,
820,ME,9 Myrtle Point,,El Cantón,97996,
821,RI,6723 Bunting Crossing,,Kamienna Góra,85788,
822,RI,6930 Columbus Terrace,#899P,San Rafael,99999,
823,NV,42 Blackbird Parkway,,Pamiątkowo,98977,
824,TN,02 Main Center,,Arish,93999,3899
825,WA,29 Arizona Park,,Saint-Denis,97878,
826,PA,15990 Melrose Lane,#778b,Haokou,98977,8778
827,GU,83342 5th Way,#898P,Aţ Ţurrah,88799,
828,IA,0488 International Trail,#873P,Bayt Ta‘mar,99967,6988
829,MS,8576 Anzinger Road,,Abovyan,59889,
830,CT,4313 Sheridan Road,,Barbacena,98786,
831,WV,67060 Reindahl Park,#769b,Kluki,79689,
832,MN,18953 Dawn Alley,,Kebonkalapa,99999,6888
833,KS,6176 High Crossing Drive,#997s,Lady Grey,98999,
834,IA,87 Rieder Drive,,Kardamás,99799,9799
835,CA,184 Farragut Way,,Gonbad-e Kāvūs,89699,9987
836,TN,6 Dryden Parkway,,San Bernardo,89997,
837,VT,19 Carberry Street,#899j,Waxi,98799,
838,OH,90 Hazelcrest Trail,,Agat Village,98999,
839,WY,572 Milwaukee Hill,,Неготино,88897,9788
840,PR,3 Hanover Way,,Zaječar,96999,9997
841,MI,008 Darwin Place,,Kameda-honchō,69784,8979
842,CA,2 Lindbergh Lane,,Independencia,99999,
843,ME,39 Summer Ridge Point,,Calde,67997,
844,MA,18721 Mitchell Junction,,Ipoh,99786,
845,RI,7 Dexter Park,#999d,Xinsheng,97869,
846,NJ,971 Melby Hill,,Fier,99899,9898
847,LA,7381 Scoville Circle,#854h,Xishiqiao,89999,
848,OR,7 Becker Park,,Záhorovice,49999,9899
849,ID,02589 Haas Circle,,El Corozo,98992,9989
850,GU,333 Fisk Point,,Upton,99949,9989
851,SD,63051 Del Sol Pass,,Zuitou,69384,
852,NC,8712 Moland Point,,Manchioneal,88859,9579
853,PR,668 Aberg Road,#998I,Minneapolis,88999,
854,NV,5 Porter Hill,,Balungkopi,79993,
855,SC,23 Charing Cross Place,#765i,Sokoto,97979,9799
856,AS,28 7th Pass,,Kudusan,99996,
857,WV,94 Manufacturers Avenue,,Zhengyangshan,98989,4797
858,DE,19507 Dunning Way,#893W,Ciénaga,69959,9969
859,NE,796 Morning Alley,#997U,Nanying,89988,
860,NJ,482 Maple Wood Place,#997C,El Chol,87699,9999
861,RI,020 Granby Street,,Picoto,88695,
862,ME,1281 Independence Terrace,,Apengjiang,99839,
863,LA,81806 Algoma Way,,Vale de Mendiz,87899,8879
864,RI,91 5th Drive,,Bayuin,59799,7998
865,CA,05 Express Street,,Socorro,95699,8998
866,OK,252 Hovde Hill,,Náousa,79999,8679
867,MA,9861 Basil Hill,#986S,Berlin,99979,
868,ND,3 Maryland Way,,Canalete,99799,7789
869,CO,61718 Warner Lane,#978g,Gò Quao,89987,0997
870,DC,11463 Mayer Drive,#999K,Bardaï,98788,8789
871,RI,164 Banding Trail,,Aksu,99996,
872,PA,56653 Roth Avenue,,Vasyl'evsky Ostrov,56898,9989
873,GA,908 Florence Place,#985Q,Miguel Aleman,78776,
874,CO,5809 7th Way,,Abreus,99998,
875,GU,41301 Spaight Trail,,Dongxi,68999,
876,CT,536 Shelley Way,,Satte,87999,8986
877,DC,3 Glacier Hill Way,#497c,Dingjiayao,97897,9978
878,IL,3 Birchwood Hill,,Senduro,29789,7999
879,MN,1 Sauthoff Hill,,København,70888,
880,HI,443 Lakewood Court,#647n,Arcossó,96879,
881,PR,2150 Florence Place,#999U,Düsseldorf,99749,
882,RI,8374 Mayer Plaza,,Kroonstad,98979,9999
883,WV,95069 Melvin Street,,Nielisz,36999,
884,PA,5 Butterfield Center,,Huerta Grande,99679,9968
885,NV,14 Tomscot Avenue,,Colcabamba,66799,9699
886,IL,12 Roth Trail,,Tōno,83959,
887,RI,8776 Welch Road,,Gao’an,84978,8888
888,TN,4072 Dunning Place,,Hongsung,98999,8899
889,LA,85 Annamark Plaza,,Kalinkavichy,99389,
890,AR,7 Chinook Trail,,Noebesa,59978,
891,SC,821 Shopko Trail,,Shuishiying,99889,
892,PR,39740 Fairfield Hill,,Mangaratiba,89897,
893,IA,2 Rutledge Court,,‘Attīl,85888,
894,UT,1 Warrior Hill,,Soanindrariny,99798,8698
895,CO,0 Manley Lane,,Vila do Bispo,59488,
896,WV,36 Carberry Drive,#989N,Tilmi,57689,7889
897,RI,0211 Cherokee Street,,Pajarillo,86988,9999
898,AL,99946 Reinke Avenue,,Xukou,79996,3789
899,OK,85444 Swallow Circle,,Talun,89692,9899
900,CA,57304 Surrey Street,,Tabonok,99879,9989
901,LA,39 Center Street,,Нераште,99999,
902,MO,8809 Dawn Plaza,,Tha Ruea,89998,
903,KS,12 Declaration Place,#759Z,Qal‘ah-ye Na‘īm,89957,
904,WV,13515 Paget Avenue,#979t,Buenos Aires,89999,
905,MA,41281 Burning Wood Avenue,,Kangdong-ŭp,95988,9985
906,CO,6 Old Gate Center,,Zhuravka,88995,
907,VT,4 Cordelia Avenue,,Manjiang,99947,7899
908,OR,5 Dunning Court,,Borūjerd,99991,
909,AK,94 Jackson Way,,Sanok,77805,
910,CA,2308 Corry Court,,Santa,98999,9995
911,NJ,058 Acker Alley,,Nowshahr,89798,8788
912,IA,0 Schmedeman Parkway,,Viçosa,99888,
913,FL,42372 Cordelia Plaza,,Sarirejo Satu,79499,3999
914,VA,3233 Memorial Road,#966H,Xiongshan,99998,8989
915,GA,4135 Hudson Court,#999L,Souran,99889,9897
916,WV,2 Eggendart Point,,Ban Lam Luk Ka,99907,6895
917,KY,6727 Schmedeman Parkway,,Farroupilha,99999,7857
918,OH,7 Sommers Hill,#989W,Tianmuhu,98998,9798
919,ID,97 Menomonie Park,,Xiaotao,88989,8993
920,KY,710 Coolidge Park,,Knjazevac,59898,
921,NJ,2882 School Lane,,Granja,86959,
922,IN,613 Hagan Terrace,#798G,Siderejo,99996,
923,MP,22 Scoville Drive,,Yuhang,99869,
924,LA,6 Birchwood Plaza,#878r,Jiuxian,89998,
925,AK,412 Northland Center,,Ngelak,66999,5579
926,MO,61 Kinsman Parkway,,Salām Khēl,98989,8698
927,NY,55342 Aberg Pass,,Malysheva,96995,
928,GU,4 Troy Parkway,,Dieppe,96487,9998
929,CO,098 Thackeray Center,#998O,Valsamáta,98879,
930,NY,45587 Schmedeman Circle,#978Q,Morangis,99999,7989
931,SC,650 Brown Court,,Jaguimitan,88979,
932,HI,6 Annamark Center,,Vendargues,89995,
933,NJ,459 Butterfield Point,#789z,Huangze,87997,
934,WV,103 Hudson Street,,Minami-rinkan,86596,6999
935,KY,473 Arkansas Alley,,Sindangsari,97898,8998
936,NM,9 Stone Corner Parkway,,Daingean,78999,
937,TN,3 Mosinee Place,,Yangping,69899,
938,WI,4 Veith Way,#989C,Aquia,98999,
939,IN,010 Hooker Road,,Guanshan,99989,
940,ME,91136 Transport Hill,#989h,Fengdian,98999,9884
941,VI,84 Farragut Center,,Qingyang,99897,7736
942,CO,3 Autumn Leaf Drive,#869k,Kuzhu,86999,
943,WY,4 Darwin Place,,Zagórów,89989,
944,OK,32 Nobel Place,#998S,Kelo,77999,
945,VI,3 Colorado Trail,,Palca,99787,9898
946,GA,867 Brown Crossing,,Kostopil’,99818,9999
947,NJ,249 Erie Street,,Baoshan,88699,
948,IL,28940 Westerfield Point,,Kalungu,79699,9889
949,OR,99516 Bultman Parkway,#987F,Hiratsuka,96875,8999
950,GU,476 Shelley Center,#799E,Taverny,99594,
951,DC,23 Farmco Junction,,San Matías,88999,
952,FL,54 Melvin Crossing,,Ili,58996,
953,OK,56 Warner Pass,,Dallas,68899,7766
954,CT,80565 Harbort Pass,,Malusay,99898,9898
955,KS,080 Scofield Crossing,,Bejuco,77999,8898
956,GA,308 Dexter Court,,Jiangyan,49988,
957,NM,51 Chinook Drive,,Banjar Pedawa,78996,
958,GA,7 Merchant Junction,#999a,Descalvado,96978,8998
959,WV,8333 Sugar Hill,,San Jose,99999,
960,MA,1 Emmet Drive,#859i,Shilong,78848,
961,ND,10863 Superior Crossing,,Göteborg,98997,8897
962,KS,230 Del Mar Plaza,,Savonlinna,99986,
963,WA,7805 Lukken Alley,,Ipoh,99897,9997
964,GA,22 Iowa Lane,,Svalöv,79989,5978
965,DC,637 Old Shore Plaza,#988b,Juan de Acosta,89977,8999
966,PA,808 Forest Place,,Pribrezhnyy,79389,
967,DE,77 Scoville Junction,#899P,Noailles,89688,
968,DE,24783 Larry Plaza,,Mölnlycke,98989,
969,MI,942 Namekagon Junction,,Montenegro,87979,
970,NV,50726 Debs Avenue,,Gouxaria,98999,
971,NY,5159 Drewry Place,,San Fernando del Valle de Catamarca,79999,
972,IL,257 Grover Trail,,Vidin,86798,8979
973,NV,8853 Carey Center,,Cúcuta,89997,
974,MN,95 Lindbergh Terrace,,Karangduren Dua,69887,7995
975,GU,1 Randy Circle,,Costa Rica,76768,
976,AS,4 Meadow Ridge Place,,Hoolt,89897,6898
977,DC,739 Oak Pass,#789H,Muroran,89998,9778
978,KS,7 Corry Junction,,Volodarsk,69899,4868
979,WA,9 Golf Plaza,,Pskov,99999,
980,PA,271 Brickson Park Circle,,Kansas City,88998,9889
981,MO,7 Maple Hill,,Jiucaizhuang,99979,
982,VI,62425 Clyde Gallagher Trail,,Siquanpu,79598,8968
983,TN,1619 Pleasure Way,,Tambakmerak,47999,
984,TN,7 Graedel Center,,Rongelap,89787,
985,WI,89 Green Way,,Sukarama,99987,
986,MO,14 Crescent Oaks Junction,,Apt,66691,
987,MS,915 Lakewood Park,#898g,Kizema,78889,
988,MI,43915 Jana Court,,Bishan,85897,9989
989,PR,32099 Forster Terrace,,Campina Grande,78989,5889
990,TX,4 Anthes Junction,,Ibiá,97859,8898
991,MN,782 Cardinal Hill,,Oropesa,89959,4957
992,AR,29177 Cherokee Place,,Leigu,87987,
993,IA,28718 Sutherland Junction,#878D,Gręboszów,99999,9997
994,NH,672 Hazelcrest Pass,,Jinglou,89888,
995,IL,6824 Darwin Alley,,Jiaoqi,89999,
996,OR,98732 Laurel Pass,,Dukuhpicung,96884,9989
997,MT,8268 Loomis Plaza,,Marathon,99959,8899
998,IN,5 Atwood Avenue,,Altuf’yevskiy,99869,
999,KY,6107 Continental Court,,Łomża,79999,
1000,IL,36 Thackeray Circle,,Loandjili,99879,8898
